{
    "block.deepslate.break": {
        "replace": true,
        "sounds": [
            "sdv/0000004b",
            "sdv/0000004c"
        ]
    },
    "block.dripstone_block.break": {
        "replace": true,
        "sounds": [
            "sdv/0000004b",
            "sdv/0000004c"
        ]
    },
    "block.pointed_dripstone.break": {
        "replace": true,
        "sounds": [
            "sdv/0000004b",
            "sdv/0000004c"
        ]
    },
    "block.polished_deepslate.break": {
        "replace": true,
        "sounds": [
            "sdv/0000004b",
            "sdv/0000004c"
        ]
    },
    "block.stone.break": {
        "replace": true,
        "sounds": [
            "sdv/0000004b",
            "sdv/0000004c"
        ]
    },
    "block.deepslate.hit": {
        "replace": true,
        "sounds": [
            "sdv/00000086"
        ]
    },
    "block.dripstone_block.hit": {
        "replace": true,
        "sounds": [
            "sdv/00000086"
        ]
    },
    "block.pointed_dripstone.hit": {
        "replace": true,
        "sounds": [
            "sdv/00000086"
        ]
    },
    "block.polished_deepslate.hit": {
        "replace": true,
        "sounds": [
            "sdv/00000086"
        ]
    },
    "block.stone.hit": {
        "replace": true,
        "sounds": [
            "sdv/00000086"
        ]
    },
    "block.grass.step": {
        "replace": true,
        "sounds": [
            "sdv/00000016"
        ]
    },
    "block.sand.step": {
        "replace": true,
        "sounds": [
            "sdv/00000010"
        ]
    },
    "block.stone.step": {
        "replace": true,
        "sounds": [
            "sdv/00000017"
        ]
    },
    "entity.fishing_bobber.retrieve": {
        "replace": true,
        "sounds": [
            "sdv/000000fc"
        ]
    },
    "entity.fishing_bobber.splash": {
        "replace": true,
        "sounds": [
            "sdv/0000001a"
        ]
    },
    "entity.fishing_bobber.throw": {
        "replace": true,
        "sounds": [
            "sdv/000000f6"
        ]
    },
    "entity.generic.splash": {
        "replace": true,
        "sounds": [
            "sdv/0000000a"
        ]
    },
    "entity.item.pickup": {
        "replace": true,
        "sounds": [
            "sdv/0000000f"
        ]
    },
    "entity.lightning_bolt.thunder": {
        "replace": true,
        "sounds": [
            "sdv/00000072"
        ]
    },
    "entity.player.attack.nodamage": {
        "replace": true,
        "sounds": [
            "sdv/000000a3"
        ]
    },
    "entity.player.attack.strong": {
        "replace": true,
        "sounds": [
            "sdv/000000a0"
        ]
    },
    "entity.player.attack.sweep": {
        "replace": true,
        "sounds": [
            "sdv/0000003a"
        ]
    },
    "entity.player.attack.weak": {
        "replace": true,
        "sounds": [
            "sdv/000000a3"
        ]
    },
    "entity.player.death": {
        "replace": true,
        "sounds": [
            "sdv/00000046"
        ]
    },
    "entity.player.hurt": {
        "replace": true,
        "sounds": [
            "sdv/0000003f"
        ]
    },
    "item.flintandsteel.use": {
        "replace": true,
        "sounds": [
            "sdv/00000047"
        ]
    },
    "item.hoe.till": {
        "replace": true,
        "sounds": [
            "sdv/0000000d"
        ]
    },
    "weather.rain": {
        "replace": true,
        "sounds": [
            "sdv/rain1",
            "sdv/rain2",
            "sdv/rain3",
            "sdv/rain4"
        ]
    }
}