{
	"credit": "Made with Blockbench",
	"texture_size": [32, 32],
	"textures": {
		"0": "backpacks/classic_backpack",
		"particle": "backpacks/classic_backpack"
	},
	"elements": [
		{
			"from": [4.5, 2, 5.5],
			"to": [11.5, 11.5, 10.5],
			"rotation": {"angle": 0, "axis": "y", "origin": [7, -0.5, 6.5]},
			"faces": {
				"north": {"uv": [0, 0, 3.5, 4.75], "texture": "#0"},
				"east": {"uv": [0, 5, 2.5, 9.75], "texture": "#0"},
				"south": {"uv": [3.5, 0, 7, 4.75], "texture": "#0"},
				"west": {"uv": [2.5, 5, 5, 9.75], "texture": "#0"},
				"up": {"uv": [8.5, 7.5, 5, 5], "texture": "#0"},
				"down": {"uv": [10.5, 0, 7, 2.5], "texture": "#0"}
			}
		},
		{
			"from": [4.75, 2.5, 4.55],
			"to": [7.75, 6, 5.55],
			"rotation": {"angle": 0, "axis": "y", "origin": [8.5, -0.5, 1.55]},
			"faces": {
				"north": {"uv": [4, 11.5, 5.5, 13.25], "texture": "#0"},
				"east": {"uv": [4.5, 13.5, 5, 15.25], "texture": "#0"},
				"south": {"uv": [5.5, 11.5, 7, 13.25], "texture": "#0"},
				"west": {"uv": [5, 13.5, 5.5, 15.25], "texture": "#0"},
				"up": {"uv": [8.5, 14, 7, 13.5], "texture": "#0"},
				"down": {"uv": [15, 8, 13.5, 8.5], "texture": "#0"}
			}
		},
		{
			"from": [8.25, 2.5, 4.55],
			"to": [11.25, 6, 5.55],
			"rotation": {"angle": 0, "axis": "y", "origin": [7.5, -0.5, 1.55]},
			"faces": {
				"north": {"uv": [7, 2.5, 8.5, 4.25], "texture": "#0"},
				"east": {"uv": [13.5, 2, 14, 3.75], "texture": "#0"},
				"south": {"uv": [11, 11, 12.5, 12.75], "texture": "#0"},
				"west": {"uv": [4, 13.5, 4.5, 15.25], "texture": "#0"},
				"up": {"uv": [8.5, 5, 7, 4.5], "texture": "#0"},
				"down": {"uv": [7, 13.5, 5.5, 14], "texture": "#0"}
			}
		},
		{
			"from": [7.5, 6.2, 4.8],
			"to": [11.25, 8.95, 5.8],
			"rotation": {"angle": 0, "axis": "y", "origin": [7.5, 3.2, 1.8]},
			"faces": {
				"north": {"uv": [11, 8, 13, 9.5], "texture": "#0"},
				"east": {"uv": [4, 10, 4.5, 11.5], "texture": "#0"},
				"south": {"uv": [11, 9.5, 13, 11], "texture": "#0"},
				"west": {"uv": [4.5, 10, 5, 11.5], "texture": "#0"},
				"up": {"uv": [15, 10.5, 13, 10], "texture": "#0"},
				"down": {"uv": [15, 10.5, 13, 11], "texture": "#0"}
			}
		},
		{
			"from": [4.875, 9.2, 5.05],
			"to": [11.125, 10.95, 5.8],
			"rotation": {"angle": 0, "axis": "y", "origin": [7.375, 6.2, 2.05]},
			"faces": {
				"north": {"uv": [11, 6, 14.25, 7], "texture": "#0"},
				"east": {"uv": [8.5, 6.5, 9, 7.5], "texture": "#0"},
				"south": {"uv": [11, 7, 14.25, 8], "texture": "#0"},
				"west": {"uv": [12.5, 13.5, 13, 14.5], "texture": "#0"},
				"up": {"uv": [15.75, 6, 12.5, 5.5], "texture": "#0"},
				"down": {"uv": [15.75, 11, 12.5, 11.5], "texture": "#0"}
			}
		},
		{
			"from": [4.75, 6.2, 4.8],
			"to": [7, 8.95, 5.8],
			"rotation": {"angle": 0, "axis": "y", "origin": [4, 3.2, 1.8]},
			"faces": {
				"north": {"uv": [12.5, 4, 13.75, 5.5], "texture": "#0"},
				"east": {"uv": [8.5, 13.5, 9, 15], "texture": "#0"},
				"south": {"uv": [9, 12.5, 10.25, 14], "texture": "#0"},
				"west": {"uv": [13.5, 8.5, 14, 10], "texture": "#0"},
				"up": {"uv": [14.75, 12, 13.5, 11.5], "texture": "#0"},
				"down": {"uv": [14.75, 12, 13.5, 12.5], "texture": "#0"}
			}
		},
		{
			"from": [11.5, 2.5, 6],
			"to": [12.5, 6.5, 10],
			"rotation": {"angle": 0, "axis": "y", "origin": [14.5, -0.5, 8]},
			"faces": {
				"north": {"uv": [10.5, 12.5, 11, 14.5], "texture": "#0"},
				"east": {"uv": [10.5, 0, 12.5, 2], "texture": "#0"},
				"south": {"uv": [12.5, 11.5, 13, 13.5], "texture": "#0"},
				"west": {"uv": [10.5, 2, 12.5, 4], "texture": "#0"},
				"up": {"uv": [13.5, 10, 13, 8], "texture": "#0"},
				"down": {"uv": [11.5, 13, 11, 15], "texture": "#0"}
			}
		},
		{
			"from": [3.5, 2.5, 6],
			"to": [4.5, 6.5, 10],
			"rotation": {"angle": 0, "axis": "y", "origin": [1.5, -0.5, 8]},
			"faces": {
				"north": {"uv": [11.5, 13, 12, 15], "texture": "#0"},
				"east": {"uv": [10.5, 4, 12.5, 6], "texture": "#0"},
				"south": {"uv": [13, 11.5, 13.5, 13.5], "texture": "#0"},
				"west": {"uv": [9, 10.5, 11, 12.5], "texture": "#0"},
				"up": {"uv": [12.5, 15, 12, 13], "texture": "#0"},
				"down": {"uv": [14, 0, 13.5, 2], "texture": "#0"}
			}
		}
	],
	"gui_light": "front",
	"display": {
		"thirdperson_righthand": {
			"rotation": [68, 0, 0],
			"scale": [0.77, 0.77, 0.77]
		},
		"thirdperson_lefthand": {
			"rotation": [92, 180, 0],
			"translation": [-6, -6.75, 11],
			"scale": [1.12, 1.06, 1.06]
		},
		"firstperson_lefthand": {
			"rotation": [0, 118, 0],
			"translation": [0, 2, 0],
			"scale": [0, 0, 0]
		},
		"gui": {
			"rotation": [24, 142, 0],
			"translation": [-0.5, 1, 0],
			"scale": [1.16, 1.16, 1.16]
		},
		"head": {
			"rotation": [0, -180, 0],
			"translation": [0, -48, 8.25],
			"scale": [0,0,0]
		}
	}
}
