{
  "block.lava.pop": {
    "sounds": [],
    "replace": true
  },
  "entity.ender_dragon.flap": {
    "sounds": [],
    "replace": true
  },
  "entity.generic.explode": {
    "sounds": [],
    "replace": true
  },
  "entity.dragon_fireball.explode": {
    "sounds": [],
    "replace": true
  },
  "block.end_gateway.spawn": {
    "sounds": [],
    "replace": true
  },
  "entity.blaze.hurt": {
    "sounds": [],
    "replace": true
  },
  "entity.blaze.ambient": {
    "sounds": [],
    "replace": true
  },
  "entity.arrow.shoot": {
    "sounds": [],
    "replace": true
  },
  "entity.arrow.hit": {
    "sounds": [],
    "replace": true
  }
}